{
  "hash": "81aacfe2",
  "configHash": "cba3f58d",
  "lockfileHash": "5ba6f438",
  "browserHash": "95fcdbce",
  "optimized": {
    "@angular/core": {
      "src": "../../../../../node_modules/@angular/core/fesm2022/core.mjs",
      "file": "@angular_core.js",
      "fileHash": "2af2c598",
      "needsInterop": false
    },
    "@angular/platform-browser": {
      "src": "../../../../../node_modules/@angular/platform-browser/fesm2022/platform-browser.mjs",
      "file": "@angular_platform-browser.js",
      "fileHash": "f0c4cb06",
      "needsInterop": false
    },
    "@angular/router": {
      "src": "../../../../../node_modules/@angular/router/fesm2022/router.mjs",
      "file": "@angular_router.js",
      "fileHash": "d0d827f2",
      "needsInterop": false
    },
    "@angular/forms": {
      "src": "../../../../../node_modules/@angular/forms/fesm2022/forms.mjs",
      "file": "@angular_forms.js",
      "fileHash": "6a57f226",
      "needsInterop": false
    }
  },
  "chunks": {
    "chunk-3W22QJVI": {
      "file": "chunk-3W22QJVI.js"
    },
    "chunk-TBHKIGKR": {
      "file": "chunk-TBHKIGKR.js"
    },
    "chunk-3XWGUD7K": {
      "file": "chunk-3XWGUD7K.js"
    }
  }
}